{"sensors": [{"imu_gyro_x": -0.0005616748239845037, "imu_gyro_y": -0.0033311278093606234, "imu_gyro_z": 0.002514054300263524, "imu_ori_y": -0.007682432886213064, "gps_lat": 0.0, "odom_x_speed": 0.6, "odom_y": 0.0, "odom_yaw_rate": 0.0, "imu_ori_x": 0.006802162155508995, "current_status": "IDLE", "imu_ori_w": 0.7733111381530762, "gps_lon": 0.0, "gps_hei": 0.0, "odom_x": 0.0, "imu_ori_z": 0.6339436769485474, "imu_acc_y": 0.1524468797352165, "imu_acc_x": 0.1575653587281704, "imu_acc_z": -9.801518028974533}]}