{"sensors": [{"imu_gyro_x": -0.0014192953240126371, "imu_gyro_y": -0.0032261349260807037, "imu_gyro_z": 0.00020653833053074777, "imu_ori_y": -0.002502992982044816, "yaw_rate": 0.0, "gps_lat": 0.0, "imu_ori_x": -0.015156986191868782, "current_status": "idle", "imu_ori_w": 0.14549657702445984, "gps_lon": 0.0, "gps_hei": 0.0, "x_speed": 0.0, "imu_ori_z": -0.9892394542694092, "imu_acc_y": 0.24730403915047647, "imu_acc_x": 0.10943887271918357, "imu_acc_z": -9.798656401634217}]}