{"sensors": [{"imu_gyro_x": -0.07110672444105148, "imu_gyro_y": 0.22988823056221008, "imu_gyro_z": 0.10922034084796906, "imu_ori_y": 0.9953665137290955, "gps_lat": 0.0, "odom_x_speed": 0.585, "odom_y": -69.0041794146289, "odom_yaw_rate": 0.071, "imu_ori_x": 0.09545121341943741, "imu_ori_w": 0.00800243392586708, "gps_lon": 0.0, "gps_hei": 0.0, "odom_x": 11.785851040770767, "imu_ori_z": -0.008396676741540432, "imu_acc_y": 2.86144987732172, "imu_acc_x": -1.32818041741848, "imu_acc_z": 11.290463547706604}]}