{"sensors": [{"imu_gyro_x": 0.0010480378987267613, "imu_gyro_y": -0.0008350019925273955, "imu_gyro_z": 0.0009959271410480142, "imu_ori_y": -0.009465068578720093, "yaw_rate": 0.0, "gps_lat": 0.0, "imu_ori_x": 0.04881689324975014, "current_status": "idle", "imu_ori_w": 0.9666348695755005, "gps_lon": 0.0, "gps_hei": 0.0, "x_speed": 0.00120117774566474, "imu_ori_z": 0.25128552317619324, "imu_acc_y": 0.4295948608964682, "imu_acc_x": 0.9187119651585818, "imu_acc_z": -9.755267137885093}]}